{
  "users": [
    {
      "name": "Gavin",
      "username": "pacinig"
    },
    {
      "name": "Zied",
      "username": "briniz"
    },
    {
      "name": "Alessandro",
      "username": "gattia"
    }
  ],
  "validRooms": [
    "1",
    "2",
    "3",
    "5",
    "6",
    "7",
    "8",
    "9",
    "4"
  ],
  "dates": [
    {
      "day": 0,
      "hour": 12
    },
    {
      "day": 0,
      "hour": 14
    },
    {
      "day": 0,
      "hour": 16
    },
    {
      "day": 3,
      "hour": 18
    },
    {
      "day": 6,
      "hour": 12
    },
    {
      "day": 6,
      "hour": 14
    },
    {
      "day": 6,
      "hour": 16
    }
  ],
  "maxHourForBooking" : 2
}